{"cameraMode":{"drawMode":0,"name":"Shaded","section":"Shading Mode"},"sceneLighting":true,"audioPlay":false,"sceneViewState":{"showFog":true,"showMaterialUpdate":false,"showSkybox":true,"showFlares":true,"showImageEffects":true,"showParticleSystems":true},"in2DMode":false,"pivot":{"x":84.7553939819336,"y":12.686613082885743,"z":-10.47562026977539},"rotation":{"x":0.12959018349647523,"y":-0.8637306690216065,"z":0.2817893326282501,"w":0.3972035050392151},"size":7.598477363586426,"orthographic":false}