{"cameraMode":{"drawMode":0,"name":"Shaded","section":"Shading Mode"},"sceneLighting":true,"audioPlay":false,"sceneViewState":{"showFog":true,"showMaterialUpdate":false,"showSkybox":true,"showFlares":true,"showImageEffects":true,"showParticleSystems":true},"in2DMode":false,"pivot":{"x":1.4565677642822266,"y":0.6877174377441406,"z":21.98273468017578},"rotation":{"x":-0.05273520201444626,"y":-0.6468123197555542,"z":0.04489670693874359,"w":-0.7594979405403137},"size":14.676106452941895,"orthographic":true}