{"cameraMode":{"drawMode":0,"name":"Shaded","section":"Shading Mode"},"sceneLighting":true,"audioPlay":false,"sceneViewState":{"showFog":true,"showMaterialUpdate":false,"showSkybox":true,"showFlares":true,"showImageEffects":true,"showParticleSystems":true},"in2DMode":false,"pivot":{"x":-1.409999966621399,"y":0.009999990463256836,"z":5.0},"rotation":{"x":0.12558548152446748,"y":-0.3035340905189514,"z":0.04041716456413269,"w":0.9436428546905518},"size":10.66221809387207,"orthographic":true}