{"cameraMode":{"drawMode":0,"name":"Shaded","section":"Shading Mode"},"sceneLighting":true,"audioPlay":false,"sceneViewState":{"showFog":true,"showMaterialUpdate":false,"showSkybox":true,"showFlares":true,"showImageEffects":true,"showParticleSystems":true},"in2DMode":false,"pivot":{"x":-1.4099998474121094,"y":0.48999977111816409,"z":5.659999847412109},"rotation":{"x":-0.223340705037117,"y":-0.5689297318458557,"z":0.16408586502075196,"w":-0.7742827534675598},"size":10.951386451721192,"orthographic":true}