{"cameraMode":{"drawMode":0,"name":"Shaded","section":"Shading Mode"},"sceneLighting":true,"audioPlay":false,"sceneViewState":{"showFog":true,"showMaterialUpdate":false,"showSkybox":true,"showFlares":true,"showImageEffects":true,"showParticleSystems":true},"in2DMode":false,"pivot":{"x":51.282623291015628,"y":-0.10099983215332031,"z":21.7816162109375},"rotation":{"x":0.1711643785238266,"y":0.09458629786968231,"z":-0.0164764616638422,"w":0.9805532693862915},"size":2.044954776763916,"orthographic":true}