{"cameraMode":{"drawMode":0,"name":"Shaded","section":"Shading Mode"},"sceneLighting":true,"audioPlay":false,"sceneViewState":{"showFog":true,"showMaterialUpdate":false,"showSkybox":true,"showFlares":true,"showImageEffects":true,"showParticleSystems":true},"in2DMode":false,"pivot":{"x":54.189998626708987,"y":2.206000328063965,"z":21.670000076293947},"rotation":{"x":0.1666506826877594,"y":0.41438108682632449,"z":-0.07743710279464722,"w":0.8913581967353821},"size":45.501548767089847,"orthographic":true}