{"cameraMode":{"drawMode":0,"name":"Shaded","section":"Shading Mode"},"sceneLighting":true,"audioPlay":false,"sceneViewState":{"showFog":true,"showMaterialUpdate":false,"showSkybox":true,"showFlares":true,"showImageEffects":true,"showParticleSystems":true},"in2DMode":false,"pivot":{"x":40.27764892578125,"y":-4.665446758270264,"z":-2.523236036300659},"rotation":{"x":0.20672489702701569,"y":0.5202452540397644,"z":-0.1314556747674942,"w":0.8181254267692566},"size":125.37425231933594,"orthographic":true}