{"cameraMode":{"drawMode":0,"name":"Shaded","section":"Shading Mode"},"sceneLighting":true,"audioPlay":false,"sceneViewState":{"showFog":true,"showMaterialUpdate":false,"showSkybox":true,"showFlares":true,"showImageEffects":true,"showParticleSystems":true},"in2DMode":false,"pivot":{"x":-16.589998245239259,"y":0.2069997787475586,"z":2.1699981689453127},"rotation":{"x":0.17847566306591035,"y":-0.7883557677268982,"z":0.26932504773139956,"w":0.5235510468482971},"size":9.874639511108399,"orthographic":true}