{"cameraMode":{"drawMode":0,"name":"Shaded","section":"Shading Mode"},"sceneLighting":true,"audioPlay":false,"sceneViewState":{"showFog":true,"showMaterialUpdate":false,"showSkybox":true,"showFlares":true,"showImageEffects":true,"showParticleSystems":true},"in2DMode":false,"pivot":{"x":6.028605937957764,"y":5.505635738372803,"z":19.13701629638672},"rotation":{"x":-0.2428443878889084,"y":0.6363129615783691,"z":-0.22135572135448457,"w":-0.6979498863220215},"size":18.893579483032228,"orthographic":true}