{"cameraMode":{"drawMode":0,"name":"Shaded","section":"Shading Mode"},"sceneLighting":true,"audioPlay":false,"sceneViewState":{"showFog":true,"showMaterialUpdate":false,"showSkybox":true,"showFlares":true,"showImageEffects":true,"showParticleSystems":true},"in2DMode":false,"pivot":{"x":-21.118770599365236,"y":-0.21100187301635743,"z":-36.803619384765628},"rotation":{"x":0.09933438152074814,"y":-0.6849037408828735,"z":0.09593658149242401,"w":0.7154268622398377},"size":3.6381800174713136,"orthographic":true}