{"cameraMode":{"drawMode":0,"name":"Shaded","section":"Shading Mode"},"sceneLighting":true,"audioPlay":false,"sceneViewState":{"showFog":true,"showMaterialUpdate":false,"showSkybox":true,"showFlares":true,"showImageEffects":true,"showParticleSystems":true},"in2DMode":false,"pivot":{"x":-25.327999114990236,"y":0.19999992847442628,"z":-39.27000045776367},"rotation":{"x":0.12969882786273957,"y":-0.5773030519485474,"z":0.09428399056196213,"w":0.8006309270858765},"size":22.496530532836915,"orthographic":true}