{"cameraMode":{"drawMode":0,"name":"Shaded","section":"Shading Mode"},"sceneLighting":true,"audioPlay":false,"sceneViewState":{"showFog":true,"showMaterialUpdate":false,"showSkybox":true,"showFlares":true,"showImageEffects":true,"showParticleSystems":true},"in2DMode":false,"pivot":{"x":75.80022430419922,"y":4.341444492340088,"z":-14.840750694274903},"rotation":{"x":-0.0703720897436142,"y":0.9046530723571777,"z":-0.38669997453689577,"w":-0.1646624207496643},"size":0.2970777153968811,"orthographic":false}