{"cameraMode":{"drawMode":0,"name":"Shaded","section":"Shading Mode"},"sceneLighting":false,"audioPlay":false,"sceneViewState":{"showFog":true,"showMaterialUpdate":false,"showSkybox":true,"showFlares":true,"showImageEffects":true,"showParticleSystems":true},"in2DMode":false,"pivot":{"x":33.56399917602539,"y":-0.2640000581741333,"z":-39.95158386230469},"rotation":{"x":0.21747981011867524,"y":-0.7689971923828125,"z":0.3373737931251526,"w":0.4975185990333557},"size":2.782766580581665,"orthographic":true}