{"cameraMode":{"drawMode":0,"name":"Shaded","section":"Shading Mode"},"sceneLighting":false,"audioPlay":false,"sceneViewState":{"showFog":true,"showMaterialUpdate":false,"showSkybox":true,"showFlares":true,"showImageEffects":true,"showParticleSystems":true},"in2DMode":false,"pivot":{"x":-1.049471378326416,"y":0.9104812145233154,"z":-1.1592316627502442},"rotation":{"x":-0.11660977452993393,"y":-0.738411009311676,"z":0.1323394626379013,"w":-0.6508744955062866},"size":17.71131706237793,"orthographic":true}