{"cameraMode":{"drawMode":0,"name":"Shaded","section":"Shading Mode"},"sceneLighting":false,"audioPlay":false,"sceneViewState":{"showFog":true,"showMaterialUpdate":false,"showSkybox":true,"showFlares":true,"showImageEffects":true,"showParticleSystems":true},"in2DMode":false,"pivot":{"x":112.44103240966797,"y":140.27627563476563,"z":136.5931396484375},"rotation":{"x":-0.2094566375017166,"y":-0.7036264538764954,"z":0.23077434301376344,"w":-0.6385772824287415},"size":30.589580535888673,"orthographic":false}