{"cameraMode":{"drawMode":0,"name":"Shaded","section":"Shading Mode"},"sceneLighting":true,"audioPlay":false,"sceneViewState":{"showFog":true,"showMaterialUpdate":false,"showSkybox":true,"showFlares":true,"showImageEffects":true,"showParticleSystems":true},"in2DMode":false,"pivot":{"x":122.73632049560547,"y":131.57455444335938,"z":98.55420684814453},"rotation":{"x":0.1095135509967804,"y":-0.8646855354309082,"z":0.44065171480178835,"w":0.21482963860034944},"size":70.94432830810547,"orthographic":true}