{"cameraMode":{"drawMode":0,"name":"Shaded","section":"Shading Mode"},"sceneLighting":true,"audioPlay":false,"sceneViewState":{"showFog":true,"showMaterialUpdate":false,"showSkybox":true,"showFlares":true,"showImageEffects":true,"showParticleSystems":true},"in2DMode":false,"pivot":{"x":15.29056453704834,"y":0.7011191844940186,"z":-18.074190139770509},"rotation":{"x":0.06824322044849396,"y":-0.9152405858039856,"z":0.17537520825862885,"w":0.35625988245010378},"size":5.277347087860107,"orthographic":true}