{"cameraMode":{"drawMode":0,"name":"Shaded","section":"Shading Mode"},"sceneLighting":true,"audioPlay":false,"sceneViewState":{"showFog":true,"showMaterialUpdate":false,"showSkybox":true,"showFlares":true,"showImageEffects":true,"showParticleSystems":true},"in2DMode":false,"pivot":{"x":-18.49921989440918,"y":-3.13631272315979,"z":-3.1846439838409426},"rotation":{"x":0.5273202061653137,"y":-0.4635434150695801,"z":0.5643997192382813,"w":0.4341818690299988},"size":3.573148250579834,"orthographic":true}