{"cameraMode":{"drawMode":0,"name":"Shaded","section":"Shading Mode"},"sceneLighting":true,"audioPlay":false,"sceneViewState":{"showFog":true,"showMaterialUpdate":false,"showSkybox":true,"showFlares":true,"showImageEffects":true,"showParticleSystems":true},"in2DMode":false,"pivot":{"x":-1.4099998474121094,"y":0.9820003509521484,"z":5.558399677276611},"rotation":{"x":0.16467434167861939,"y":-0.7277506589889526,"z":0.1878078430891037,"w":0.6387405395507813},"size":4.691055774688721,"orthographic":true}