{"cameraMode":{"drawMode":0,"name":"Shaded","section":"Shading Mode"},"sceneLighting":true,"audioPlay":false,"sceneViewState":{"showFog":true,"showMaterialUpdate":false,"showSkybox":true,"showFlares":true,"showImageEffects":true,"showParticleSystems":true},"in2DMode":false,"pivot":{"x":35.23925018310547,"y":0.6511884331703186,"z":39.78499984741211},"rotation":{"x":-0.1692400425672531,"y":0.46834835410118105,"z":-0.09194273501634598,"w":-0.862295925617218},"size":17.770692825317384,"orthographic":true}