{"cameraMode":{"drawMode":0,"name":"Shaded","section":"Shading Mode"},"sceneLighting":true,"audioPlay":false,"sceneViewState":{"showFog":true,"showMaterialUpdate":false,"showSkybox":true,"showFlares":true,"showImageEffects":true,"showParticleSystems":true},"in2DMode":false,"pivot":{"x":-1.4099998474121094,"y":0.48999977111816409,"z":5.659999847412109},"rotation":{"x":-0.08604978770017624,"y":0.6921969652175903,"z":-0.08386985957622528,"w":-0.711635172367096},"size":11.875054359436036,"orthographic":true}