{"cameraMode":{"drawMode":0,"name":"Shaded","section":"Shading Mode"},"sceneLighting":true,"audioPlay":false,"sceneViewState":{"showFog":true,"showMaterialUpdate":false,"showSkybox":true,"showFlares":true,"showImageEffects":true,"showParticleSystems":true},"in2DMode":false,"pivot":{"x":-1.8263709545135499,"y":-0.21984101831912995,"z":6.723257064819336},"rotation":{"x":-0.27898308634757998,"y":-0.13090598583221436,"z":0.038238976150751117,"w":-0.9505628943443298},"size":3.749445676803589,"orthographic":true}