{"cameraMode":{"drawMode":0,"name":"Shaded","section":"Shading Mode"},"sceneLighting":true,"audioPlay":false,"sceneViewState":{"showFog":true,"showMaterialUpdate":false,"showSkybox":true,"showFlares":true,"showImageEffects":true,"showParticleSystems":true},"in2DMode":false,"pivot":{"x":-18.95130157470703,"y":1.3190960884094239,"z":-18.520736694335939},"rotation":{"x":0.03755848854780197,"y":0.960142970085144,"z":-0.2278205007314682,"w":0.1575203686952591},"size":30.93565559387207,"orthographic":true}