{"cameraMode":{"drawMode":0,"name":"Shaded","section":"Shading Mode"},"sceneLighting":true,"audioPlay":false,"sceneViewState":{"showFog":true,"showMaterialUpdate":false,"showSkybox":true,"showFlares":true,"showImageEffects":true,"showParticleSystems":true},"in2DMode":false,"pivot":{"x":-18.49921989440918,"y":-3.13631272315979,"z":-3.1846439838409426},"rotation":{"x":0.3273664712905884,"y":-0.625190258026123,"z":0.3264696002006531,"w":0.6287972331047058},"size":9.005193710327149,"orthographic":true}