{"cameraMode":{"drawMode":0,"name":"Shaded","section":"Shading Mode"},"sceneLighting":true,"audioPlay":false,"sceneViewState":{"showFog":true,"showMaterialUpdate":false,"showSkybox":true,"showFlares":true,"showImageEffects":true,"showParticleSystems":true},"in2DMode":false,"pivot":{"x":-1.0608463287353516,"y":0.13859939575195313,"z":5.475008010864258},"rotation":{"x":0.05313688516616821,"y":-0.8177787065505981,"z":0.07654224336147309,"w":0.5679399967193604},"size":6.150221347808838,"orthographic":true}