{"cameraMode":{"drawMode":0,"name":"Shaded","section":"Shading Mode"},"sceneLighting":true,"audioPlay":false,"sceneViewState":{"showFog":true,"showMaterialUpdate":false,"showSkybox":true,"showFlares":true,"showImageEffects":true,"showParticleSystems":true},"in2DMode":false,"pivot":{"x":42.18791961669922,"y":30.53044319152832,"z":16.634191513061525},"rotation":{"x":-0.5570784211158752,"y":-0.25513187050819399,"z":0.18492843210697175,"w":-0.7683572173118591},"size":16.534751892089845,"orthographic":true}