{"cameraMode":{"drawMode":0,"name":"Shaded","section":"Shading Mode"},"sceneLighting":false,"audioPlay":false,"sceneViewState":{"showFog":true,"showMaterialUpdate":false,"showSkybox":true,"showFlares":true,"showImageEffects":true,"showParticleSystems":true},"in2DMode":false,"pivot":{"x":-0.9999477863311768,"y":0.6042271852493286,"z":7.419766902923584},"rotation":{"x":-0.10850054770708084,"y":0.649680495262146,"z":-0.09438993781805039,"w":-0.7464807629585266},"size":16.90675163269043,"orthographic":true}