{"cameraMode":{"drawMode":0,"name":"Shaded","section":"Shading Mode"},"sceneLighting":true,"audioPlay":false,"sceneViewState":{"showFog":true,"showMaterialUpdate":false,"showSkybox":true,"showFlares":true,"showImageEffects":true,"showParticleSystems":true},"in2DMode":false,"pivot":{"x":54.38421630859375,"y":0.5160508155822754,"z":22.0445613861084},"rotation":{"x":0.04842944070696831,"y":0.6979565620422363,"z":-0.047396305948495868,"w":0.712926983833313},"size":4.362539768218994,"orthographic":true}