{"cameraMode":{"drawMode":0,"name":"Shaded","section":"Shading Mode"},"sceneLighting":true,"audioPlay":false,"sceneViewState":{"showFog":true,"showMaterialUpdate":false,"showSkybox":true,"showFlares":true,"showImageEffects":true,"showParticleSystems":true},"in2DMode":false,"pivot":{"x":75.37712860107422,"y":18.162086486816408,"z":-25.024866104125978},"rotation":{"x":0.4287298917770386,"y":0.5602733492851257,"z":-0.42181840538978579,"w":0.5695205330848694},"size":13.908539772033692,"orthographic":true}