{"cameraMode":{"drawMode":0,"name":"Shaded","section":"Shading Mode"},"sceneLighting":true,"audioPlay":false,"sceneViewState":{"showFog":true,"showMaterialUpdate":false,"showSkybox":true,"showFlares":true,"showImageEffects":true,"showParticleSystems":true},"in2DMode":false,"pivot":{"x":17.349010467529298,"y":0.7011499404907227,"z":-18.39563751220703},"rotation":{"x":-0.03742988780140877,"y":0.9573124647140503,"z":-0.14499531686306,"w":-0.2472413033246994},"size":4.623441219329834,"orthographic":true}