{"cameraMode":{"drawMode":0,"name":"Shaded","section":"Shading Mode"},"sceneLighting":true,"audioPlay":false,"sceneViewState":{"showFog":true,"showMaterialUpdate":false,"showSkybox":true,"showFlares":true,"showImageEffects":true,"showParticleSystems":true},"in2DMode":false,"pivot":{"x":-5.862318515777588,"y":2.034860372543335,"z":-18.331134796142579},"rotation":{"x":-0.11713527143001557,"y":-0.6596348881721497,"z":0.10498110949993134,"w":-0.7349423170089722},"size":49.734493255615237,"orthographic":true}