{"cameraMode":{"drawMode":0,"name":"Shaded","section":"Shading Mode"},"sceneLighting":true,"audioPlay":false,"sceneViewState":{"showFog":true,"showMaterialUpdate":false,"showSkybox":true,"showFlares":true,"showImageEffects":true,"showParticleSystems":true},"in2DMode":false,"pivot":{"x":1.328874945640564,"y":1.981039047241211,"z":7.388424873352051},"rotation":{"x":-0.14039339125156403,"y":0.474622517824173,"z":-0.07698880881071091,"w":-0.8655032515525818},"size":11.46382999420166,"orthographic":true}