{"cameraMode":{"drawMode":0,"name":"Shaded","section":"Shading Mode"},"sceneLighting":true,"audioPlay":false,"sceneViewState":{"showFog":true,"showMaterialUpdate":false,"showSkybox":true,"showFlares":true,"showImageEffects":true,"showParticleSystems":true},"in2DMode":false,"pivot":{"x":15.150565147399903,"y":0.6928615570068359,"z":-18.46919059753418},"rotation":{"x":-0.0282586682587862,"y":0.9539006352424622,"z":-0.2830616235733032,"w":-0.09566153585910797},"size":19.660232543945314,"orthographic":true}