{"cameraMode":{"drawMode":0,"name":"Shaded","section":"Shading Mode"},"sceneLighting":true,"audioPlay":false,"sceneViewState":{"showFog":true,"showMaterialUpdate":false,"showSkybox":true,"showFlares":true,"showImageEffects":true,"showParticleSystems":true},"in2DMode":false,"pivot":{"x":100.87188720703125,"y":106.64297485351563,"z":26.87197494506836},"rotation":{"x":0.004289029166102409,"y":0.7925325036048889,"z":-0.6097893714904785,"w":0.005542720668017864},"size":29.478235244750978,"orthographic":true}