{"cameraMode":{"drawMode":0,"name":"Shaded","section":"Shading Mode"},"sceneLighting":true,"audioPlay":false,"sceneViewState":{"showFog":true,"showMaterialUpdate":false,"showSkybox":true,"showFlares":true,"showImageEffects":true,"showParticleSystems":true},"in2DMode":false,"pivot":{"x":-1.4099998474121094,"y":0.48999977111816409,"z":5.659999847412109},"rotation":{"x":0.1259513646364212,"y":0.01981210894882679,"z":-0.0024964376352727415,"w":0.9918354749679565},"size":9.078339576721192,"orthographic":true}